[{"department":"13","name":"st chamas"},{"department":"21","name":"chenove"},{"department":"42","name":"saint etienne"},{"department":"42","name":"rive de gier"},{"department":"67","name":"schiltigheim"},{"department":"68","name":"kingersheim"},{"department":"69","name":"venissieux"},{"department":"69","name":"ecully"},{"department":"69","name":"saint fons"},{"department":"69","name":"lyon"},{"department":"69","name":"villeurbanne"},{"department":"69","name":"vaulx en velin"},{"department":"74","name":"thonon les bains"},{"department":"78","name":"conflans ste honorine"},{"department":"92","name":"ville d avray"},{"department":"95","name":"cergy"}]